{"cameraMode":{"drawMode":0,"name":"Shaded","section":"Shading Mode"},"sceneLighting":false,"audioPlay":false,"sceneViewState":{"m_AlwaysRefresh":false,"showFog":false,"showSkybox":false,"showFlares":false,"showImageEffects":false,"showParticleSystems":false,"showVisualEffectGraphs":true,"m_FxEnabled":true},"in2DMode":false,"pivot":{"x":-0.510189414024353,"y":0.8187710046768189,"z":-0.0031579434871673586},"rotation":{"x":0.032587699592113498,"y":-0.9529909491539002,"z":0.11086200922727585,"w":0.28014108538627627},"size":2.1204171180725099,"orthographic":false}