{"cameraMode":{"drawMode":0,"name":"Shaded","section":"Shading Mode"},"sceneLighting":false,"audioPlay":false,"sceneViewState":{"m_AlwaysRefresh":false,"showFog":true,"showSkybox":false,"showFlares":true,"showImageEffects":true,"showParticleSystems":true,"showVisualEffectGraphs":true,"m_FxEnabled":true},"in2DMode":false,"pivot":{"x":0.000001430511474609375,"y":0.8942632675170898,"z":0.019566044211387636},"rotation":{"x":-0.029309695586562158,"y":0.07221698760986328,"z":0.002127452287822962,"w":0.9969735741615295},"size":1.3028720617294312,"orthographic":false}